<?xml version="1.0" encoding="UTF-8"?>
<beans xmlns="http://www.springframework.org/schema/beans"
    xmlns:camel="http://camel.apache.org/schema/spring"
    xmlns:xsi="http://www.w3.org/2001/XMLSchema-instance" xsi:schemaLocation="http://www.springframework.org/schema/beans http://www.springframework.org/schema/beans/spring-beans-3.0.xsd        http://camel.apache.org/schema/spring http://camel.apache.org/schema/spring/camel-spring.xsd">
    
     <bean id="jasypt"
        class="org.apache.camel.component.jasypt.JasyptPropertiesParser" >
        <property name="password" value="secret"/>
    </bean>
    
    
    
    
    <camelContext id="camelContext-11b09909-9ce9-4954-ad9a-146187fc6c32"
        trace="false" xmlns="http://camel.apache.org/schema/spring">
        
        <propertyPlaceholder id="properties"
                         location="classpath:jasypttest.properties"
                         propertiesParserRef="jasypt"/>
        
        <route id="directtestroute">
        	<from id="directfrom1" uri="timer://jasypttimer?fixedRate=true&amp;period=6000"/>
        	<to uri="log: {{jasypttest.atom.test}}"/>
        	<setHeader headerName="Authorization" id="_setHeader2">
                <simple>{{jasypttest.atom.basictokenbase64}}</simple>
            </setHeader>
        	<to uri="{{jasypttest.atom.url}}"/>
        	<log id="body" message="${body}"/>
        </route>
    </camelContext>
    

	
</beans>
