<?xml version="1.0" encoding="UTF-8"?>
<!-- Licensed to the Apache Software Foundation (ASF) under one or more contributor 
	license agreements. See the NOTICE file distributed with this work for additional 
	information regarding copyright ownership. The ASF licenses this file to 
	You under the Apache License, Version 2.0 (the "License"); you may not use 
	this file except in compliance with the License. You may obtain a copy of 
	the License at http://www.apache.org/licenses/LICENSE-2.0 Unless required 
	by applicable law or agreed to in writing, software distributed under the 
	License is distributed on an "AS IS" BASIS, WITHOUT WARRANTIES OR CONDITIONS 
	OF ANY KIND, either express or implied. See the License for the specific 
	language governing permissions and limitations under the License. -->

<beans xmlns="http://www.springframework.org/schema/beans"
	xmlns:xsi="http://www.w3.org/2001/XMLSchema-instance" xmlns:ctx="http://www.springframework.org/schema/context"
	xmlns:camel="http://camel.apache.org/schema/spring" xmlns:cxf="http://camel.apache.org/schema/cxf"
	xmlns:http="http://cxf.apache.org/transports/http/configuration"
	xmlns:sec="http://cxf.apache.org/configuration/security" xmlns:soap="http://cxf.apache.org/bindings/soap"
	xsi:schemaLocation="
    http://www.springframework.org/schema/beans http://www.springframework.org/schema/beans/spring-beans.xsd
    http://www.springframework.org/schema/context http://www.springframework.org/schema/context/spring-context.xsd
    http://camel.apache.org/schema/spring http://camel.apache.org/schema/spring/camel-spring.xsd
    http://camel.apache.org/schema/osgi http://camel.apache.org/schema/osgi/camel-osgi.xsd
    http://camel.apache.org/schema/cxf http://camel.apache.org/schema/cxf/camel-cxf.xsd
    http://cxf.apache.org/transports/http/configuration http://cxf.apache.org/schemas/configuration/http-conf.xsd
    http://cxf.apache.org/configuration/security http://cxf.apache.org/schemas/configuration/security.xsd
    http://cxf.apache.org/bindings/soap http://cxf.apache.org/schemas/configuration/soap.xsd
    ">
	<bean id="jasypt"
		class="org.apache.camel.component.jasypt.JasyptPropertiesParser">
		<property name="password" value="secret" />
	</bean>
	<cxf:cxfEndpoint id="webServiceEndpoint" address="{{contract.url}}"
		wsdlURL="{{contract.url}}"
		serviceClass="com.oracle.xmlns.apps.contracts.coreauthoring.transaction.transactionservice.ContractService">
		<cxf:properties>
			<entry key="dataFormat" value="MESSAGE" />
			<entry key="wrappedStyle" value="true" />

			<!-- <entry key="username" value="g4s.integration.user" /> -->
		<!-- 	<entry key="password" value="Fusion@123" /> -->
		</cxf:properties>
	</cxf:cxfEndpoint>


</beans>
