<?xml version="1.0" encoding="UTF-8"?>
<!-- Configures the Camel Context -->

<beans xmlns="http://www.springframework.org/schema/beans"
	xmlns:xsi="http://www.w3.org/2001/XMLSchema-instance"
	xsi:schemaLocation="
       http://www.springframework.org/schema/beans http://www.springframework.org/schema/beans/spring-beans.xsd
       http://camel.apache.org/schema/spring http://camel.apache.org/schema/spring/camel-spring.xsd">


<bean id="jasypt"
		class="org.apache.camel.component.jasypt.JasyptPropertiesParser">
		<property name="password" value="secret" />
	</bean>
	<import resource="classpath:META-INF/spring/camel-cxf.xml" />

	<camelContext useMDCLogging="true"
		xmlns="http://camel.apache.org/schema/spring">
		<propertyPlaceholder location="classpath:contract.properties"
			id="properties" propertiesParserRef="jasypt"/>
		<dataFormats>
			<soapjaxb
				contextPath="com.oracle.xmlns.apps.contracts.coreauthoring.transaction.transactionservice.types"
				elementNameStrategyRef="contractStrategy" id="soapFormat" />
		</dataFormats>
		<onException customId="true" id="exceptionBlock">
			<exception>com.fasterxml.jackson.core.JsonParseException</exception>
			<exception>com.g4s.integration.exception.GenericException</exception>
			<exception>org.json.simple.parser.ParseException</exception>
			<exception>org.json.JSONException</exception>
			<exception>java.text.ParseException</exception>
			<exception>javax.xml.datatype.DatatypeConfigurationException</exception>
			<exception>java.io.IOException</exception>
			<redeliveryPolicy maximumRedeliveries="0" />
			<handled>
				<constant>true</constant>
			</handled>
			<log message="body insidee onexception : ${body}" />
			<to uri="log:Exception     stacktrace" />
			<log
				message="exception stacktrace insidee onexception : ${exception.stacktrace}" />
			<log message="exception insidee onexception : ${exception}" />
			<bean ref="ErrorMapper" method="jsonExceptionResponse(${exception})" />
		</onException>
		<restConfiguration component="jetty"
			host="{{contract.rest.host}}" port="{{contract.rest.port}}"
			bindingMode="json" />
		<rest path="/javelin/integration/fin" consumes="application/json">
			<post uri="/contracts/create">
				<to uri="direct:restService" />
			</post>
		</rest>
		<route id="createContract">
			<description>This route accepts Input JSON from OPS, hits the Webservice(Oracle Fusion), gets back the response from Oracle Fusion and returns it to OPS in required structure.</description>
			<from uri="direct:restService" id="restService">
				<description>OPS Input json is fetched via rest service call.</description>
			</from>
			<to uri="log:request ${body}" />
			<bean ref="CreateContract" method="prepareContractDetails" id="getAndSetFieldValues">
				<description>convert input JSON from OPS to SOAP XML request for oracle fusion.</description>
			</bean>
			<to uri="log:request ${body}" id="soapRequest">
				<description>Logs the request.</description>
			</to>
			<marshal ref="soapFormat" />
			<setHeader headerName="Authorization">
				<constant>Basic {{contract.pwd}}</constant>
			</setHeader>
			<setHeader headerName="operationName">
				<constant>createContract</constant>
			</setHeader>
			<setHeader headerName="Accept-Encoding">
				<constant></constant>
			</setHeader>
			<!-- <setHeader headerName="AuthorizationForCXF">
				<constant>Basic {{contract.pwd}}</constant>
			</setHeader> -->
			<log message="SOAP call request : ${body}" id="soapRequestHeaders">
				<description>Logs the Soap call request header.</description>
			</log>
			<to uri="cxf:bean:webServiceEndpoint" id="webServiceCall">
				<description>Formed SOAP request is passed to WSDL and response is expected in return.</description>
			</to>
			<convertBodyTo type="java.lang.String" />
			<log message="SOAP call response Headers: ${headers}" id="soapResponse">
				<description>Logs the soap call response.</description>
			</log>
			<log message="SOAP call response : ${body}" />
			<choice id="processingSOAPResponse">
				<description>This component operates on SOAP XML response based on whether it contains 'fault' or not.</description>
				<when id="processFaultResponse">
					<description>If SOAP response contains 'Fault'</description>
					<simple>${bodyAs(String)} contains 'Fault'</simple>
					<setBody id="getsTheSoapFaultBody">
						<description>The component parses the SOAP response to get SOAP fault body and sets in header.</description>
						<xpath>{{Xpath-Content}}</xpath>
					</setBody>
					<log message="Xpath Fault Response: ${body}" id="soapFault">
						<description>Logs the soap fault body.</description>
					</log>
				</when>
				<otherwise id="processSuccessresponse">
					<description>IF SOAP response doesn't have 'Fault'</description>
					<unmarshal ref="soapFormat" />
					<log message="Unmarshalled Response: ${body}" id="soapSuccess">
						<description>Logs the soap call successs response.</description>
					</log>
				</otherwise>
			</choice>
			<to uri="xslt:file:data/adf_resources/removeNS.xslt" id="cleanXMLResponse">
				<description>This xslt file transforms the XML response body into one which doesn't have namespaces and atributes (like @xsi:nil="true").</description>
			</to>
			<log message="xslt ; ${body}" id="xsltResponse">
				<description>Logs the response after xslt call.</description>
			</log>
			<bean ref="prepareRes" method="xmlToJson" id="xmlToJson">
				<description>This bean has method xmlToJson to transform XML response into corresponding JSON structure.</description>
			</bean>
			<log message="JSON is as : ${body}" id="jsonLog">
				<description>Logs the soap json response.</description>
			</log>
			<bean ref="prepareRes" method="opsResponse" id="OpsResponse">
				<description>This bean has method opsResponse  to get structure the data as required.</description>
			</bean>
			<log message="Json Output2: ${body}" id="jsonStructuring">
				<description>Logs the structured json response which is sent back to OPS.</description>
			</log>
			<setHeader headerName="Content-Type">
				<constant>application/json</constant>
			</setHeader>
		</route>
	</camelContext>

	<bean id="CreateContract"
		class="com.g4s.integration.contractcreation.CreateContractDetails">
		<description> This bean convert input JSON from OPS to SOAP XML
			request for oracle fusion.
		</description>
	</bean>
	<bean id="ErrorMapper" class="com.g4s.integration.exception.ErrorMapper">
		<description> This bean maps the Exception caught into its
			corresponding Reply Status.
		</description>
	</bean>
	<bean id="dbcon" class="com.g4s.integration.exception.DBConnection">
		<description>This class creates a database connection</description>
	</bean>
	<bean id="myDS"
		class="org.springframework.beans.factory.config.MethodInvokingFactoryBean">
		<property name="targetObject" ref="dbcon" />
		<property name="targetMethod" value="getDataSource" />
	</bean>
	<bean id="contractStrategy" class="org.apache.camel.dataformat.soap.name.TypeNameStrategy">
		<description>This bean marshal the XML request into SOAP format.
		</description>
	</bean>
	<bean id="prepareRes" class="com.g4s.integration.contractcreation.Response">
		<description> This bean maps the Oracle Fusion response into output
			JSON structure.
		</description>
	</bean>
</beans>
